ID_Tiket,ID_Kursi,ID_Perjalanan,ID_Transaksi,Status_Tiket
TKT00000001,KS000206,PRJ0000905,TRX0000177,Dibatalkan
TKT00000002,KS000315,PRJ0000083,TRX0000190,Terjual
TKT00000003,KS000879,PRJ0000209,TRX0000448,Terjual
TKT00000004,KS000742,PRJ0000251,TRX0000158,Dibatalkan
TKT00000005,KS000006,PRJ0000489,TRX0000164,Dibatalkan
TKT00000006,KS000103,PRJ0000483,TRX0000564,Dibatalkan
TKT00000007,KS000716,PRJ0000218,TRX0000935,Dibatalkan
TKT00000008,KS000685,PRJ0000386,TRX0000852,Dibatalkan
TKT00000009,KS000724,PRJ0000249,TRX0000782,Terjual
TKT00000010,KS000397,PRJ0000132,TRX0000326,Terjual
TKT00000011,KS000410,PRJ0000792,TRX0000335,Dibatalkan
TKT00000012,KS000840,PRJ0000691,TRX0000748,Dibatalkan
TKT00000013,KS000612,PRJ0000404,TRX0000547,Terjual
TKT00000014,KS000356,PRJ0000501,TRX0000686,Terjual
TKT00000015,KS000228,PRJ0000907,TRX0000624,Terjual
TKT00000016,KS000787,PRJ0000241,TRX0000378,Dibatalkan
TKT00000017,KS000349,PRJ0000514,TRX0000843,Terjual
TKT00000018,KS000626,PRJ0000614,TRX0000770,Dibatalkan
TKT00000019,KS000937,PRJ0000080,TRX0000662,Terjual
TKT00000020,KS000142,PRJ0000512,TRX0000193,Terjual
TKT00000021,KS000217,PRJ0000310,TRX0000446,Terjual
TKT00000022,KS000348,PRJ0000394,TRX0000670,Terjual
TKT00000023,KS000436,PRJ0000155,TRX0000292,Dibatalkan
TKT00000024,KS000397,PRJ0000692,TRX0000841,Dibatalkan
TKT00000025,KS000036,PRJ0000268,TRX0000982,Dibatalkan
TKT00000026,KS000184,PRJ0000168,TRX0000408,Terjual
TKT00000027,KS000477,PRJ0000826,TRX0000085,Dibatalkan
TKT00000028,KS000703,PRJ0000751,TRX0000104,Dibatalkan
TKT00000029,KS000823,PRJ0000827,TRX0000013,Terjual
TKT00000030,KS000327,PRJ0000132,TRX0000589,Dibatalkan
TKT00000031,KS000703,PRJ0000466,TRX0000012,Dibatalkan
TKT00000032,KS000670,PRJ0000983,TRX0000687,Dibatalkan
TKT00000033,KS000433,PRJ0000790,TRX0000056,Dibatalkan
TKT00000034,KS000436,PRJ0000265,TRX0000760,Terjual
TKT00000035,KS000619,PRJ0000827,TRX0000822,Dibatalkan
TKT00000036,KS000515,PRJ0000382,TRX0000800,Dibatalkan
TKT00000037,KS000730,PRJ0000344,TRX0000865,Dibatalkan
TKT00000038,KS000115,PRJ0000805,TRX0000184,Dibatalkan
TKT00000039,KS000545,PRJ0000778,TRX0000393,Terjual
TKT00000040,KS000154,PRJ0000008,TRX0000346,Dibatalkan
TKT00000041,KS000203,PRJ0000528,TRX0000833,Dibatalkan
TKT00000042,KS000446,PRJ0000050,TRX0000476,Dibatalkan
TKT00000043,KS000041,PRJ0000125,TRX0000889,Dibatalkan
TKT00000044,KS000472,PRJ0000376,TRX0000052,Dibatalkan
TKT00000045,KS000259,PRJ0000436,TRX0000346,Dibatalkan
TKT00000046,KS000786,PRJ0000839,TRX0000025,Dibatalkan
TKT00000047,KS000184,PRJ0000301,TRX0000366,Dibatalkan
TKT00000048,KS000018,PRJ0000458,TRX0000333,Dibatalkan
TKT00000049,KS000652,PRJ0000037,TRX0000611,Terjual
TKT00000050,KS000366,PRJ0000750,TRX0000038,Dibatalkan
TKT00000051,KS000255,PRJ0000180,TRX0000087,Terjual
TKT00000052,KS000130,PRJ0000745,TRX0000149,Dibatalkan
TKT00000053,KS000442,PRJ0000915,TRX0000282,Dibatalkan
TKT00000054,KS000996,PRJ0000470,TRX0000706,Terjual
TKT00000055,KS000941,PRJ0000846,TRX0000926,Dibatalkan
TKT00000056,KS000042,PRJ0000079,TRX0000335,Dibatalkan
TKT00000057,KS000040,PRJ0000151,TRX0000624,Terjual
TKT00000058,KS000392,PRJ0000525,TRX0000743,Terjual
TKT00000059,KS000346,PRJ0000950,TRX0000653,Dibatalkan
TKT00000060,KS000433,PRJ0000411,TRX0000023,Terjual
TKT00000061,KS000974,PRJ0000765,TRX0000264,Terjual
TKT00000062,KS000857,PRJ0000935,TRX0000444,Terjual
TKT00000063,KS000813,PRJ0000197,TRX0000585,Dibatalkan
TKT00000064,KS000311,PRJ0000631,TRX0000527,Terjual
TKT00000065,KS000711,PRJ0000819,TRX0000051,Dibatalkan
TKT00000066,KS000588,PRJ0000485,TRX0000221,Dibatalkan
TKT00000067,KS000282,PRJ0000765,TRX0000706,Terjual
TKT00000068,KS000284,PRJ0000514,TRX0000688,Terjual
TKT00000069,KS000620,PRJ0000409,TRX0000932,Terjual
TKT00000070,KS000695,PRJ0000292,TRX0000280,Terjual
TKT00000071,KS000417,PRJ0000213,TRX0000020,Dibatalkan
TKT00000072,KS000673,PRJ0000133,TRX0000282,Dibatalkan
TKT00000073,KS000474,PRJ0000614,TRX0000810,Dibatalkan
TKT00000074,KS000100,PRJ0000227,TRX0000231,Terjual
TKT00000075,KS000727,PRJ0000333,TRX0000227,Terjual
TKT00000076,KS000627,PRJ0000295,TRX0000746,Dibatalkan
TKT00000077,KS000603,PRJ0000431,TRX0000651,Dibatalkan
TKT00000078,KS000555,PRJ0000399,TRX0000488,Terjual
TKT00000079,KS000352,PRJ0000349,TRX0000328,Dibatalkan
TKT00000080,KS000843,PRJ0000456,TRX0000156,Dibatalkan
TKT00000081,KS000875,PRJ0000761,TRX0000511,Terjual
TKT00000082,KS000546,PRJ0000715,TRX0000175,Dibatalkan
TKT00000083,KS000262,PRJ0000413,TRX0000034,Terjual
TKT00000084,KS000647,PRJ0000499,TRX0000575,Dibatalkan
TKT00000085,KS000086,PRJ0000213,TRX0000766,Dibatalkan
TKT00000086,KS000312,PRJ0000299,TRX0000769,Dibatalkan
TKT00000087,KS000463,PRJ0000691,TRX0000479,Terjual
TKT00000088,KS000160,PRJ0000640,TRX0000599,Terjual
TKT00000089,KS000640,PRJ0000361,TRX0000579,Dibatalkan
TKT00000090,KS000426,PRJ0000784,TRX0000024,Dibatalkan
TKT00000091,KS000570,PRJ0000762,TRX0000503,Terjual
TKT00000092,KS000385,PRJ0000944,TRX0000551,Terjual
TKT00000093,KS000388,PRJ0000622,TRX0000972,Terjual
TKT00000094,KS000100,PRJ0000406,TRX0000224,Terjual
TKT00000095,KS000114,PRJ0000585,TRX0000297,Terjual
TKT00000096,KS000886,PRJ0000163,TRX0000786,Dibatalkan
TKT00000097,KS000564,PRJ0000419,TRX0000361,Terjual
TKT00000098,KS000429,PRJ0000923,TRX0000614,Dibatalkan
TKT00000099,KS000328,PRJ0000789,TRX0000372,Terjual
TKT00000100,KS000681,PRJ0000906,TRX0000704,Dibatalkan
TKT00000101,KS000515,PRJ0000549,TRX0000546,Dibatalkan
TKT00000102,KS000231,PRJ0000880,TRX0000414,Dibatalkan
TKT00000103,KS000775,PRJ0000476,TRX0000294,Dibatalkan
TKT00000104,KS000161,PRJ0000947,TRX0000895,Terjual
TKT00000105,KS000410,PRJ0000296,TRX0000004,Dibatalkan
TKT00000106,KS000782,PRJ0000476,TRX0000672,Terjual
TKT00000107,KS000700,PRJ0000930,TRX0000101,Dibatalkan
TKT00000108,KS000595,PRJ0000669,TRX0000429,Dibatalkan
TKT00000109,KS000421,PRJ0000194,TRX0000652,Terjual
TKT00000110,KS000634,PRJ0000230,TRX0000142,Terjual
TKT00000111,KS000614,PRJ0000585,TRX0000750,Dibatalkan
TKT00000112,KS000969,PRJ0000024,TRX0000333,Terjual
TKT00000113,KS000171,PRJ0000583,TRX0000641,Dibatalkan
TKT00000114,KS000701,PRJ0000094,TRX0000975,Dibatalkan
TKT00000115,KS000024,PRJ0000761,TRX0000616,Dibatalkan
TKT00000116,KS000566,PRJ0000524,TRX0000885,Terjual
TKT00000117,KS000871,PRJ0000936,TRX0000166,Dibatalkan
TKT00000118,KS000378,PRJ0000741,TRX0000896,Terjual
TKT00000119,KS000180,PRJ0000484,TRX0000960,Terjual
TKT00000120,KS000331,PRJ0000136,TRX0000301,Terjual
TKT00000121,KS000916,PRJ0000032,TRX0000212,Dibatalkan
TKT00000122,KS000471,PRJ0000251,TRX0000701,Dibatalkan
TKT00000123,KS000248,PRJ0000816,TRX0000182,Dibatalkan
TKT00000124,KS000513,PRJ0000657,TRX0000114,Dibatalkan
TKT00000125,KS000894,PRJ0000943,TRX0000931,Terjual
TKT00000126,KS000251,PRJ0000474,TRX0000740,Terjual
TKT00000127,KS000008,PRJ0000767,TRX0000034,Dibatalkan
TKT00000128,KS000888,PRJ0000533,TRX0000482,Dibatalkan
TKT00000129,KS000073,PRJ0000802,TRX0000428,Dibatalkan
TKT00000130,KS000905,PRJ0000734,TRX0000551,Terjual
TKT00000131,KS000733,PRJ0000796,TRX0000622,Terjual
TKT00000132,KS000450,PRJ0000493,TRX0000848,Terjual
TKT00000133,KS000300,PRJ0000832,TRX0000408,Terjual
TKT00000134,KS000373,PRJ0000410,TRX0000734,Dibatalkan
TKT00000135,KS000439,PRJ0000807,TRX0000128,Terjual
TKT00000136,KS000150,PRJ0000868,TRX0000269,Terjual
TKT00000137,KS000740,PRJ0000174,TRX0000376,Dibatalkan
TKT00000138,KS000673,PRJ0000348,TRX0000146,Terjual
TKT00000139,KS000815,PRJ0000495,TRX0000216,Dibatalkan
TKT00000140,KS000100,PRJ0000338,TRX0000658,Terjual
TKT00000141,KS000470,PRJ0000921,TRX0000727,Dibatalkan
TKT00000142,KS000771,PRJ0000251,TRX0000776,Dibatalkan
TKT00000143,KS000351,PRJ0000303,TRX0000706,Dibatalkan
TKT00000144,KS000339,PRJ0000807,TRX0000462,Dibatalkan
TKT00000145,KS000582,PRJ0000282,TRX0000609,Terjual
TKT00000146,KS000780,PRJ0000144,TRX0000152,Dibatalkan
TKT00000147,KS000027,PRJ0000227,TRX0000902,Dibatalkan
TKT00000148,KS000578,PRJ0000372,TRX0000731,Dibatalkan
TKT00000149,KS000315,PRJ0000968,TRX0000734,Terjual
TKT00000150,KS000582,PRJ0000650,TRX0000313,Dibatalkan
TKT00000151,KS000731,PRJ0000451,TRX0000690,Dibatalkan
TKT00000152,KS000159,PRJ0000762,TRX0000825,Terjual
TKT00000153,KS000151,PRJ0000623,TRX0000300,Dibatalkan
TKT00000154,KS000264,PRJ0000653,TRX0000234,Terjual
TKT00000155,KS000872,PRJ0000217,TRX0000598,Dibatalkan
TKT00000156,KS000152,PRJ0000599,TRX0000013,Dibatalkan
TKT00000157,KS000373,PRJ0000739,TRX0000521,Dibatalkan
TKT00000158,KS000489,PRJ0000634,TRX0000922,Terjual
TKT00000159,KS000996,PRJ0000353,TRX0000660,Terjual
TKT00000160,KS000602,PRJ0000874,TRX0000514,Dibatalkan
TKT00000161,KS000536,PRJ0000384,TRX0000388,Dibatalkan
TKT00000162,KS000664,PRJ0000174,TRX0000892,Dibatalkan
TKT00000163,KS000180,PRJ0000496,TRX0000919,Dibatalkan
TKT00000164,KS000015,PRJ0000685,TRX0000970,Terjual
TKT00000165,KS000351,PRJ0000231,TRX0000317,Terjual
TKT00000166,KS000230,PRJ0000154,TRX0000285,Terjual
TKT00000167,KS000666,PRJ0000202,TRX0000366,Dibatalkan
TKT00000168,KS000471,PRJ0000584,TRX0000935,Terjual
TKT00000169,KS000861,PRJ0000765,TRX0000867,Terjual
TKT00000170,KS000760,PRJ0000208,TRX0000373,Terjual
TKT00000171,KS000409,PRJ0000642,TRX0000102,Dibatalkan
TKT00000172,KS000520,PRJ0000069,TRX0000278,Terjual
TKT00000173,KS000994,PRJ0000818,TRX0000058,Dibatalkan
TKT00000174,KS000581,PRJ0000536,TRX0000254,Terjual
TKT00000175,KS000263,PRJ0000817,TRX0000758,Terjual
TKT00000176,KS000707,PRJ0000959,TRX0000667,Terjual
TKT00000177,KS000234,PRJ0000707,TRX0000735,Dibatalkan
TKT00000178,KS000182,PRJ0000042,TRX0000624,Dibatalkan
TKT00000179,KS000566,PRJ0000285,TRX0000094,Terjual
TKT00000180,KS000751,PRJ0000851,TRX0000940,Terjual
TKT00000181,KS000928,PRJ0000925,TRX0000136,Dibatalkan
TKT00000182,KS000063,PRJ0000213,TRX0000234,Terjual
TKT00000183,KS000600,PRJ0000780,TRX0000596,Dibatalkan
TKT00000184,KS000476,PRJ0000101,TRX0000550,Terjual
TKT00000185,KS000327,PRJ0000809,TRX0000650,Terjual
TKT00000186,KS000202,PRJ0000490,TRX0000120,Dibatalkan
TKT00000187,KS000086,PRJ0000488,TRX0000203,Terjual
TKT00000188,KS000556,PRJ0000604,TRX0000221,Dibatalkan
TKT00000189,KS000308,PRJ0000583,TRX0000010,Dibatalkan
TKT00000190,KS000882,PRJ0000927,TRX0000115,Dibatalkan
TKT00000191,KS000797,PRJ0000659,TRX0000200,Dibatalkan
TKT00000192,KS000001,PRJ0000258,TRX0000773,Dibatalkan
TKT00000193,KS000616,PRJ0000278,TRX0000505,Terjual
TKT00000194,KS000337,PRJ0000520,TRX0000495,Dibatalkan
TKT00000195,KS000975,PRJ0000661,TRX0000307,Dibatalkan
TKT00000196,KS000889,PRJ0000545,TRX0000255,Dibatalkan
TKT00000197,KS000282,PRJ0000695,TRX0000575,Dibatalkan
TKT00000198,KS000641,PRJ0000451,TRX0000115,Terjual
TKT00000199,KS000500,PRJ0000007,TRX0000327,Dibatalkan
TKT00000200,KS000508,PRJ0000168,TRX0000184,Terjual
TKT00000201,KS000779,PRJ0000443,TRX0000690,Dibatalkan
TKT00000202,KS000097,PRJ0000948,TRX0000883,Dibatalkan
TKT00000203,KS000351,PRJ0000654,TRX0000704,Terjual
TKT00000204,KS000199,PRJ0000798,TRX0000112,Terjual
TKT00000205,KS000219,PRJ0000315,TRX0000514,Dibatalkan
TKT00000206,KS000328,PRJ0000785,TRX0000544,Dibatalkan
TKT00000207,KS000106,PRJ0000702,TRX0000308,Terjual
TKT00000208,KS000585,PRJ0000689,TRX0000159,Dibatalkan
TKT00000209,KS000161,PRJ0000197,TRX0000785,Dibatalkan
TKT00000210,KS000805,PRJ0000176,TRX0000873,Terjual
TKT00000211,KS000625,PRJ0000679,TRX0000161,Dibatalkan
TKT00000212,KS000980,PRJ0000529,TRX0000486,Dibatalkan
TKT00000213,KS000799,PRJ0000744,TRX0000276,Terjual
TKT00000214,KS000956,PRJ0000270,TRX0000484,Dibatalkan
TKT00000215,KS000380,PRJ0000149,TRX0000314,Dibatalkan
TKT00000216,KS000745,PRJ0000363,TRX0000850,Dibatalkan
TKT00000217,KS000461,PRJ0000316,TRX0000436,Dibatalkan
TKT00000218,KS000781,PRJ0000428,TRX0000006,Dibatalkan
TKT00000219,KS000057,PRJ0000992,TRX0000419,Dibatalkan
TKT00000220,KS000662,PRJ0000825,TRX0000144,Dibatalkan
TKT00000221,KS000786,PRJ0000281,TRX0000020,Terjual
TKT00000222,KS000214,PRJ0000678,TRX0000734,Dibatalkan
TKT00000223,KS000302,PRJ0000853,TRX0000383,Terjual
TKT00000224,KS000330,PRJ0000438,TRX0000810,Dibatalkan
TKT00000225,KS000334,PRJ0000572,TRX0000574,Terjual
TKT00000226,KS000817,PRJ0000221,TRX0000633,Dibatalkan
TKT00000227,KS000877,PRJ0000281,TRX0000110,Terjual
TKT00000228,KS000249,PRJ0000165,TRX0000334,Dibatalkan
TKT00000229,KS000965,PRJ0000739,TRX0000608,Dibatalkan
TKT00000230,KS000975,PRJ0000995,TRX0000970,Terjual
TKT00000231,KS000800,PRJ0000676,TRX0000400,Dibatalkan
TKT00000232,KS000256,PRJ0000287,TRX0000622,Dibatalkan
TKT00000233,KS000061,PRJ0000104,TRX0000058,Dibatalkan
TKT00000234,KS000283,PRJ0000551,TRX0000379,Dibatalkan
TKT00000235,KS000946,PRJ0000292,TRX0000114,Dibatalkan
TKT00000236,KS000138,PRJ0000902,TRX0000768,Terjual
TKT00000237,KS000333,PRJ0000794,TRX0000751,Dibatalkan
TKT00000238,KS000845,PRJ0000156,TRX0000895,Terjual
TKT00000239,KS000604,PRJ0000307,TRX0000588,Terjual
TKT00000240,KS000576,PRJ0000091,TRX0000449,Terjual
TKT00000241,KS000336,PRJ0000587,TRX0000560,Dibatalkan
TKT00000242,KS000571,PRJ0000544,TRX0000837,Dibatalkan
TKT00000243,KS000707,PRJ0000023,TRX0000144,Terjual
TKT00000244,KS000892,PRJ0000805,TRX0000717,Dibatalkan
TKT00000245,KS000981,PRJ0000874,TRX0000370,Dibatalkan
TKT00000246,KS000766,PRJ0000906,TRX0000220,Terjual
TKT00000247,KS000329,PRJ0000480,TRX0000234,Dibatalkan
TKT00000248,KS000371,PRJ0000342,TRX0000204,Dibatalkan
TKT00000249,KS000262,PRJ0000619,TRX0000766,Terjual
TKT00000250,KS000144,PRJ0000123,TRX0000658,Dibatalkan
TKT00000251,KS000438,PRJ0000406,TRX0000826,Dibatalkan
TKT00000252,KS000818,PRJ0000050,TRX0000852,Terjual
TKT00000253,KS000935,PRJ0000525,TRX0000383,Terjual
TKT00000254,KS000580,PRJ0000448,TRX0000033,Dibatalkan
TKT00000255,KS000810,PRJ0000552,TRX0000504,Dibatalkan
TKT00000256,KS000589,PRJ0000342,TRX0000650,Terjual
TKT00000257,KS000753,PRJ0000078,TRX0000579,Terjual
TKT00000258,KS000998,PRJ0000572,TRX0000800,Terjual
TKT00000259,KS000545,PRJ0000163,TRX0000818,Terjual
TKT00000260,KS000588,PRJ0000945,TRX0000480,Terjual
TKT00000261,KS000770,PRJ0000075,TRX0000786,Dibatalkan
TKT00000262,KS000838,PRJ0000284,TRX0000477,Dibatalkan
TKT00000263,KS000911,PRJ0000902,TRX0000757,Terjual
TKT00000264,KS000667,PRJ0000339,TRX0000075,Terjual
TKT00000265,KS000664,PRJ0000590,TRX0000348,Dibatalkan
TKT00000266,KS000541,PRJ0000800,TRX0000710,Dibatalkan
TKT00000267,KS000911,PRJ0000022,TRX0000412,Dibatalkan
TKT00000268,KS000007,PRJ0000639,TRX0000849,Dibatalkan
TKT00000269,KS000020,PRJ0000009,TRX0000231,Dibatalkan
TKT00000270,KS000438,PRJ0000155,TRX0000266,Terjual
TKT00000271,KS000599,PRJ0000691,TRX0000787,Dibatalkan
TKT00000272,KS000546,PRJ0000469,TRX0000670,Terjual
TKT00000273,KS000789,PRJ0000842,TRX0000589,Dibatalkan
TKT00000274,KS000915,PRJ0000902,TRX0000733,Terjual
TKT00000275,KS000194,PRJ0000792,TRX0000152,Terjual
TKT00000276,KS000316,PRJ0000186,TRX0000104,Terjual
TKT00000277,KS000547,PRJ0000617,TRX0000968,Terjual
TKT00000278,KS000799,PRJ0000131,TRX0000554,Dibatalkan
TKT00000279,KS000978,PRJ0000071,TRX0000336,Dibatalkan
TKT00000280,KS000951,PRJ0000236,TRX0000674,Terjual
TKT00000281,KS000207,PRJ0000311,TRX0000168,Dibatalkan
TKT00000282,KS000278,PRJ0000239,TRX0000959,Terjual
TKT00000283,KS000791,PRJ0000364,TRX0000028,Terjual
TKT00000284,KS000899,PRJ0000921,TRX0000968,Dibatalkan
TKT00000285,KS000127,PRJ0000855,TRX0000971,Dibatalkan
TKT00000286,KS000027,PRJ0000455,TRX0000889,Terjual
TKT00000287,KS000390,PRJ0000051,TRX0000458,Dibatalkan
TKT00000288,KS000409,PRJ0000204,TRX0000211,Dibatalkan
TKT00000289,KS000605,PRJ0000835,TRX0000128,Terjual
TKT00000290,KS000993,PRJ0000180,TRX0000519,Terjual
TKT00000291,KS000167,PRJ0000775,TRX0000215,Terjual
TKT00000292,KS000964,PRJ0000501,TRX0000759,Dibatalkan
TKT00000293,KS000768,PRJ0000325,TRX0000426,Terjual
TKT00000294,KS000216,PRJ0000093,TRX0000819,Dibatalkan
TKT00000295,KS000490,PRJ0000262,TRX0000521,Terjual
TKT00000296,KS000968,PRJ0000468,TRX0000017,Terjual
TKT00000297,KS000390,PRJ0000823,TRX0000431,Dibatalkan
TKT00000298,KS000985,PRJ0000879,TRX0000103,Dibatalkan
TKT00000299,KS000370,PRJ0000969,TRX0000318,Terjual
TKT00000300,KS000445,PRJ0000969,TRX0000869,Dibatalkan
TKT00000301,KS000235,PRJ0000719,TRX0000087,Dibatalkan
TKT00000302,KS000897,PRJ0000483,TRX0000017,Dibatalkan
TKT00000303,KS000748,PRJ0000663,TRX0000919,Dibatalkan
TKT00000304,KS000047,PRJ0000145,TRX0000868,Terjual
TKT00000305,KS000182,PRJ0000579,TRX0000010,Terjual
TKT00000306,KS000532,PRJ0000160,TRX0000144,Dibatalkan
TKT00000307,KS000781,PRJ0000040,TRX0000063,Terjual
TKT00000308,KS000888,PRJ0000758,TRX0000677,Dibatalkan
TKT00000309,KS000381,PRJ0000633,TRX0000425,Terjual
TKT00000310,KS000430,PRJ0000177,TRX0000179,Terjual
TKT00000311,KS000760,PRJ0000829,TRX0000830,Terjual
TKT00000312,KS000374,PRJ0000901,TRX0000948,Terjual
TKT00000313,KS000806,PRJ0000167,TRX0000031,Dibatalkan
TKT00000314,KS000209,PRJ0000314,TRX0000414,Dibatalkan
TKT00000315,KS000931,PRJ0000862,TRX0000272,Dibatalkan
TKT00000316,KS000030,PRJ0000803,TRX0000027,Dibatalkan
TKT00000317,KS000030,PRJ0000911,TRX0000482,Terjual
TKT00000318,KS000753,PRJ0000893,TRX0000148,Dibatalkan
TKT00000319,KS000048,PRJ0000553,TRX0000387,Terjual
TKT00000320,KS000162,PRJ0000103,TRX0000016,Dibatalkan
TKT00000321,KS000919,PRJ0000229,TRX0000095,Dibatalkan
TKT00000322,KS000068,PRJ0000116,TRX0000992,Dibatalkan
TKT00000323,KS000476,PRJ0000426,TRX0000877,Dibatalkan
TKT00000324,KS000138,PRJ0000878,TRX0000618,Terjual
TKT00000325,KS000319,PRJ0000488,TRX0000481,Dibatalkan
TKT00000326,KS000132,PRJ0000331,TRX0000673,Dibatalkan
TKT00000327,KS000980,PRJ0000629,TRX0000685,Terjual
TKT00000328,KS000490,PRJ0000505,TRX0000767,Terjual
TKT00000329,KS000129,PRJ0000225,TRX0000528,Terjual
TKT00000330,KS000825,PRJ0000965,TRX0000147,Terjual
TKT00000331,KS000676,PRJ0000085,TRX0000762,Terjual
TKT00000332,KS000735,PRJ0000414,TRX0000290,Terjual
TKT00000333,KS000256,PRJ0000232,TRX0000257,Terjual
TKT00000334,KS000748,PRJ0000676,TRX0000309,Dibatalkan
TKT00000335,KS000728,PRJ0000998,TRX0000474,Dibatalkan
TKT00000336,KS000779,PRJ0000922,TRX0000135,Dibatalkan
TKT00000337,KS000433,PRJ0000384,TRX0000678,Terjual
TKT00000338,KS000594,PRJ0000755,TRX0000958,Terjual
TKT00000339,KS000766,PRJ0000928,TRX0000819,Dibatalkan
TKT00000340,KS000648,PRJ0000050,TRX0000814,Terjual
TKT00000341,KS000187,PRJ0000015,TRX0000147,Terjual
TKT00000342,KS000856,PRJ0000814,TRX0000244,Terjual
TKT00000343,KS000407,PRJ0000331,TRX0000012,Dibatalkan
TKT00000344,KS000496,PRJ0000879,TRX0000353,Terjual
TKT00000345,KS000644,PRJ0000891,TRX0000837,Dibatalkan
TKT00000346,KS000463,PRJ0000220,TRX0000465,Dibatalkan
TKT00000347,KS000559,PRJ0000451,TRX0000121,Dibatalkan
TKT00000348,KS000672,PRJ0000787,TRX0000527,Dibatalkan
TKT00000349,KS000346,PRJ0000914,TRX0000191,Dibatalkan
TKT00000350,KS000350,PRJ0000827,TRX0000893,Dibatalkan
TKT00000351,KS000791,PRJ0000563,TRX0000468,Terjual
TKT00000352,KS000685,PRJ0000877,TRX0000351,Dibatalkan
TKT00000353,KS000065,PRJ0000801,TRX0000375,Dibatalkan
TKT00000354,KS000658,PRJ0000027,TRX0000988,Terjual
TKT00000355,KS000097,PRJ0000233,TRX0000999,Dibatalkan
TKT00000356,KS000850,PRJ0000114,TRX0000124,Dibatalkan
TKT00000357,KS000130,PRJ0000895,TRX0000356,Dibatalkan
TKT00000358,KS000464,PRJ0000447,TRX0000567,Terjual
TKT00000359,KS000990,PRJ0000888,TRX0000996,Terjual
TKT00000360,KS000408,PRJ0000840,TRX0000964,Terjual
TKT00000361,KS000146,PRJ0000861,TRX0000697,Terjual
TKT00000362,KS000795,PRJ0000018,TRX0000204,Dibatalkan
TKT00000363,KS000539,PRJ0000616,TRX0000799,Terjual
TKT00000364,KS000577,PRJ0000881,TRX0000544,Terjual
TKT00000365,KS000820,PRJ0000546,TRX0000372,Terjual
TKT00000366,KS000711,PRJ0000970,TRX0000544,Terjual
TKT00000367,KS000384,PRJ0000163,TRX0000103,Terjual
TKT00000368,KS000651,PRJ0000650,TRX0000880,Terjual
TKT00000369,KS000864,PRJ0000953,TRX0000770,Terjual
TKT00000370,KS000554,PRJ0000965,TRX0000979,Dibatalkan
TKT00000371,KS000879,PRJ0000208,TRX0000286,Terjual
TKT00000372,KS000983,PRJ0000993,TRX0000972,Dibatalkan
TKT00000373,KS000304,PRJ0000400,TRX0000923,Dibatalkan
TKT00000374,KS000916,PRJ0000488,TRX0000480,Dibatalkan
TKT00000375,KS000140,PRJ0000739,TRX0000961,Dibatalkan
TKT00000376,KS000001,PRJ0000077,TRX0000258,Dibatalkan
TKT00000377,KS000214,PRJ0000946,TRX0000752,Terjual
TKT00000378,KS000061,PRJ0000774,TRX0000421,Terjual
TKT00000379,KS000148,PRJ0000493,TRX0000843,Terjual
TKT00000380,KS000783,PRJ0000996,TRX0000827,Terjual
TKT00000381,KS000401,PRJ0000806,TRX0000164,Dibatalkan
TKT00000382,KS000401,PRJ0000606,TRX0000199,Terjual
TKT00000383,KS000855,PRJ0000359,TRX0000073,Terjual
TKT00000384,KS000987,PRJ0000972,TRX0000283,Terjual
TKT00000385,KS000915,PRJ0000412,TRX0000127,Terjual
TKT00000386,KS000211,PRJ0000455,TRX0000146,Dibatalkan
TKT00000387,KS000779,PRJ0000336,TRX0000012,Terjual
TKT00000388,KS000534,PRJ0000319,TRX0000537,Terjual
TKT00000389,KS000791,PRJ0000644,TRX0000613,Dibatalkan
TKT00000390,KS000238,PRJ0000677,TRX0000449,Dibatalkan
TKT00000391,KS000842,PRJ0000128,TRX0000555,Dibatalkan
TKT00000392,KS000158,PRJ0000073,TRX0000902,Dibatalkan
TKT00000393,KS000897,PRJ0000279,TRX0000973,Terjual
TKT00000394,KS000391,PRJ0000859,TRX0000913,Dibatalkan
TKT00000395,KS000116,PRJ0000642,TRX0000478,Dibatalkan
TKT00000396,KS000600,PRJ0000173,TRX0000898,Dibatalkan
TKT00000397,KS000777,PRJ0000299,TRX0000231,Terjual
TKT00000398,KS000091,PRJ0000750,TRX0000618,Dibatalkan
TKT00000399,KS000248,PRJ0000891,TRX0000871,Dibatalkan
TKT00000400,KS000857,PRJ0000719,TRX0000987,Dibatalkan
TKT00000401,KS000432,PRJ0000059,TRX0000654,Terjual
TKT00000402,KS000886,PRJ0000789,TRX0000287,Dibatalkan
TKT00000403,KS000927,PRJ0000258,TRX0000656,Dibatalkan
TKT00000404,KS000430,PRJ0000683,TRX0000857,Dibatalkan
TKT00000405,KS000366,PRJ0000086,TRX0000014,Terjual
TKT00000406,KS000731,PRJ0000826,TRX0000498,Terjual
TKT00000407,KS000600,PRJ0000507,TRX0000227,Dibatalkan
TKT00000408,KS000682,PRJ0000273,TRX0000107,Dibatalkan
TKT00000409,KS000575,PRJ0000622,TRX0000858,Dibatalkan
TKT00000410,KS000622,PRJ0000532,TRX0000892,Dibatalkan
TKT00000411,KS000044,PRJ0000617,TRX0000111,Terjual
TKT00000412,KS000590,PRJ0000098,TRX0000121,Terjual
TKT00000413,KS000370,PRJ0000595,TRX0000689,Dibatalkan
TKT00000414,KS000835,PRJ0000404,TRX0000736,Terjual
TKT00000415,KS000356,PRJ0000663,TRX0000808,Dibatalkan
TKT00000416,KS000873,PRJ0000472,TRX0000588,Terjual
TKT00000417,KS000963,PRJ0000409,TRX0000833,Dibatalkan
TKT00000418,KS000686,PRJ0000930,TRX0000027,Terjual
TKT00000419,KS000581,PRJ0000186,TRX0000025,Dibatalkan
TKT00000420,KS000102,PRJ0000300,TRX0000943,Dibatalkan
TKT00000421,KS000822,PRJ0000030,TRX0000747,Dibatalkan
TKT00000422,KS000870,PRJ0000913,TRX0000260,Dibatalkan
TKT00000423,KS000839,PRJ0000700,TRX0000353,Dibatalkan
TKT00000424,KS000997,PRJ0000989,TRX0000255,Dibatalkan
TKT00000425,KS000457,PRJ0000803,TRX0000049,Dibatalkan
TKT00000426,KS000470,PRJ0000716,TRX0000651,Dibatalkan
TKT00000427,KS000788,PRJ0000813,TRX0000165,Terjual
TKT00000428,KS000572,PRJ0000790,TRX0000885,Dibatalkan
TKT00000429,KS000759,PRJ0000411,TRX0000772,Dibatalkan
TKT00000430,KS000800,PRJ0000836,TRX0000177,Dibatalkan
TKT00000431,KS000878,PRJ0000092,TRX0000342,Dibatalkan
TKT00000432,KS000632,PRJ0000552,TRX0000758,Terjual
TKT00000433,KS000325,PRJ0000849,TRX0000314,Terjual
TKT00000434,KS000937,PRJ0000740,TRX0000093,Dibatalkan
TKT00000435,KS000321,PRJ0000637,TRX0000510,Terjual
TKT00000436,KS000775,PRJ0000392,TRX0000208,Dibatalkan
TKT00000437,KS000877,PRJ0000725,TRX0000498,Dibatalkan
TKT00000438,KS000346,PRJ0000826,TRX0000449,Dibatalkan
TKT00000439,KS000773,PRJ0000164,TRX0000983,Terjual
TKT00000440,KS000331,PRJ0000017,TRX0000115,Terjual
TKT00000441,KS000596,PRJ0000318,TRX0000931,Dibatalkan
TKT00000442,KS000775,PRJ0000574,TRX0000552,Terjual
TKT00000443,KS000408,PRJ0000634,TRX0000713,Terjual
TKT00000444,KS000204,PRJ0000096,TRX0000093,Dibatalkan
TKT00000445,KS000873,PRJ0000270,TRX0000150,Dibatalkan
TKT00000446,KS000546,PRJ0000363,TRX0000407,Terjual
TKT00000447,KS000944,PRJ0000395,TRX0000107,Dibatalkan
TKT00000448,KS000629,PRJ0000584,TRX0000995,Terjual
TKT00000449,KS000332,PRJ0000231,TRX0000454,Terjual
TKT00000450,KS000252,PRJ0000562,TRX0000159,Dibatalkan
TKT00000451,KS000027,PRJ0000507,TRX0000230,Terjual
TKT00000452,KS000252,PRJ0000897,TRX0000232,Dibatalkan
TKT00000453,KS000664,PRJ0000832,TRX0000222,Terjual
TKT00000454,KS000013,PRJ0000304,TRX0000250,Terjual
TKT00000455,KS000879,PRJ0000627,TRX0000495,Dibatalkan
TKT00000456,KS000425,PRJ0000570,TRX0000565,Terjual
TKT00000457,KS000423,PRJ0000191,TRX0000869,Dibatalkan
TKT00000458,KS000643,PRJ0000590,TRX0000910,Dibatalkan
TKT00000459,KS000765,PRJ0000268,TRX0000724,Dibatalkan
TKT00000460,KS000823,PRJ0000821,TRX0000270,Dibatalkan
TKT00000461,KS000380,PRJ0000374,TRX0000922,Terjual
TKT00000462,KS000328,PRJ0000554,TRX0000366,Terjual
TKT00000463,KS000982,PRJ0000710,TRX0000138,Dibatalkan
TKT00000464,KS000881,PRJ0000848,TRX0000720,Terjual
TKT00000465,KS000815,PRJ0000552,TRX0000593,Terjual
TKT00000466,KS000099,PRJ0000940,TRX0000804,Dibatalkan
TKT00000467,KS000549,PRJ0000322,TRX0000108,Terjual
TKT00000468,KS000738,PRJ0000357,TRX0000735,Terjual
TKT00000469,KS000477,PRJ0000276,TRX0000589,Terjual
TKT00000470,KS000472,PRJ0000634,TRX0000449,Dibatalkan
TKT00000471,KS000606,PRJ0000447,TRX0000067,Terjual
TKT00000472,KS000023,PRJ0000574,TRX0000460,Terjual
TKT00000473,KS000918,PRJ0000356,TRX0000489,Terjual
TKT00000474,KS000066,PRJ0000699,TRX0000363,Terjual
TKT00000475,KS000978,PRJ0000737,TRX0000283,Dibatalkan
TKT00000476,KS000971,PRJ0000919,TRX0000746,Terjual
TKT00000477,KS000731,PRJ0000613,TRX0000503,Dibatalkan
TKT00000478,KS000722,PRJ0000783,TRX0000966,Terjual
TKT00000479,KS000406,PRJ0000221,TRX0000678,Dibatalkan
TKT00000480,KS000318,PRJ0000552,TRX0000714,Dibatalkan
TKT00000481,KS000339,PRJ0000239,TRX0000584,Dibatalkan
TKT00000482,KS000148,PRJ0000785,TRX0000553,Dibatalkan
TKT00000483,KS000884,PRJ0000007,TRX0000995,Terjual
TKT00000484,KS000730,PRJ0000773,TRX0000367,Terjual
TKT00000485,KS000794,PRJ0000073,TRX0000629,Terjual
TKT00000486,KS000543,PRJ0000424,TRX0000748,Terjual
TKT00000487,KS000751,PRJ0000200,TRX0000255,Terjual
TKT00000488,KS000856,PRJ0000186,TRX0000031,Dibatalkan
TKT00000489,KS000747,PRJ0000123,TRX0000340,Terjual
TKT00000490,KS000097,PRJ0000969,TRX0000414,Dibatalkan
TKT00000491,KS000825,PRJ0000418,TRX0000391,Dibatalkan
TKT00000492,KS000142,PRJ0000868,TRX0000352,Terjual
TKT00000493,KS000099,PRJ0000319,TRX0000364,Terjual
TKT00000494,KS000725,PRJ0000441,TRX0000901,Dibatalkan
TKT00000495,KS000512,PRJ0000093,TRX0000189,Dibatalkan
TKT00000496,KS000412,PRJ0000206,TRX0000233,Dibatalkan
TKT00000497,KS000663,PRJ0000649,TRX0000084,Dibatalkan
TKT00000498,KS000463,PRJ0000770,TRX0000097,Dibatalkan
TKT00000499,KS000021,PRJ0000901,TRX0000621,Terjual
TKT00000500,KS000571,PRJ0000061,TRX0000700,Dibatalkan
TKT00000501,KS000098,PRJ0000173,TRX0000002,Terjual
TKT00000502,KS000005,PRJ0000335,TRX0000394,Dibatalkan
TKT00000503,KS000029,PRJ0000820,TRX0000927,Dibatalkan
TKT00000504,KS000880,PRJ0000072,TRX0000979,Terjual
TKT00000505,KS000194,PRJ0000652,TRX0000636,Dibatalkan
TKT00000506,KS000187,PRJ0000549,TRX0000224,Dibatalkan
TKT00000507,KS000100,PRJ0000894,TRX0000700,Terjual
TKT00000508,KS000615,PRJ0000384,TRX0000588,Terjual
TKT00000509,KS000913,PRJ0000452,TRX0000724,Terjual
TKT00000510,KS000520,PRJ0000153,TRX0000834,Dibatalkan
TKT00000511,KS000032,PRJ0000638,TRX0000040,Terjual
TKT00000512,KS000827,PRJ0000957,TRX0000320,Dibatalkan
TKT00000513,KS000111,PRJ0000358,TRX0000700,Terjual
TKT00000514,KS000605,PRJ0000531,TRX0000172,Terjual
TKT00000515,KS000510,PRJ0000198,TRX0000618,Terjual
TKT00000516,KS000628,PRJ0000943,TRX0000346,Dibatalkan
TKT00000517,KS000951,PRJ0000675,TRX0000562,Dibatalkan
TKT00000518,KS000803,PRJ0000459,TRX0000967,Terjual
TKT00000519,KS000685,PRJ0000568,TRX0000068,Dibatalkan
TKT00000520,KS000253,PRJ0000375,TRX0000145,Terjual
TKT00000521,KS000984,PRJ0000838,TRX0000503,Terjual
TKT00000522,KS000814,PRJ0000414,TRX0000043,Dibatalkan
TKT00000523,KS000061,PRJ0000939,TRX0000944,Dibatalkan
TKT00000524,KS000831,PRJ0000864,TRX0000932,Terjual
TKT00000525,KS000869,PRJ0000533,TRX0000094,Dibatalkan
TKT00000526,KS000934,PRJ0000540,TRX0000577,Dibatalkan
TKT00000527,KS000776,PRJ0000560,TRX0000659,Terjual
TKT00000528,KS000290,PRJ0000329,TRX0000139,Dibatalkan
TKT00000529,KS000782,PRJ0000203,TRX0000300,Dibatalkan
TKT00000530,KS000414,PRJ0000446,TRX0000387,Terjual
TKT00000531,KS000503,PRJ0000025,TRX0000504,Terjual
TKT00000532,KS000330,PRJ0000575,TRX0000496,Dibatalkan
TKT00000533,KS000314,PRJ0000510,TRX0000806,Dibatalkan
TKT00000534,KS000790,PRJ0000701,TRX0000716,Terjual
TKT00000535,KS000541,PRJ0000852,TRX0000043,Terjual
TKT00000536,KS000970,PRJ0000092,TRX0000315,Terjual
TKT00000537,KS000657,PRJ0000322,TRX0000757,Terjual
TKT00000538,KS000548,PRJ0000029,TRX0000049,Dibatalkan
TKT00000539,KS000395,PRJ0000193,TRX0000361,Terjual
TKT00000540,KS000844,PRJ0000846,TRX0000701,Dibatalkan
TKT00000541,KS000757,PRJ0000521,TRX0000537,Terjual
TKT00000542,KS000521,PRJ0000380,TRX0000698,Terjual
TKT00000543,KS000933,PRJ0000220,TRX0000102,Dibatalkan
TKT00000544,KS000973,PRJ0000191,TRX0000914,Terjual
TKT00000545,KS000730,PRJ0000328,TRX0000075,Terjual
TKT00000546,KS000508,PRJ0000212,TRX0000585,Terjual
TKT00000547,KS000047,PRJ0000945,TRX0000391,Terjual
TKT00000548,KS000922,PRJ0000706,TRX0000120,Dibatalkan
TKT00000549,KS000005,PRJ0000927,TRX0000247,Dibatalkan
TKT00000550,KS000182,PRJ0000400,TRX0000847,Terjual
TKT00000551,KS000381,PRJ0000940,TRX0000858,Dibatalkan
TKT00000552,KS000046,PRJ0000160,TRX0000146,Terjual
TKT00000553,KS000637,PRJ0000685,TRX0000265,Dibatalkan
TKT00000554,KS000697,PRJ0000585,TRX0000728,Dibatalkan
TKT00000555,KS000210,PRJ0000963,TRX0000900,Dibatalkan
TKT00000556,KS000420,PRJ0000707,TRX0000011,Dibatalkan
TKT00000557,KS000844,PRJ0000424,TRX0000387,Dibatalkan
TKT00000558,KS000863,PRJ0000923,TRX0000195,Dibatalkan
TKT00000559,KS000260,PRJ0000615,TRX0000011,Dibatalkan
TKT00000560,KS000043,PRJ0000713,TRX0000786,Dibatalkan
TKT00000561,KS000132,PRJ0000679,TRX0000707,Terjual
TKT00000562,KS000073,PRJ0000653,TRX0000118,Terjual
TKT00000563,KS000163,PRJ0000924,TRX0000811,Dibatalkan
TKT00000564,KS000069,PRJ0000188,TRX0000550,Dibatalkan
TKT00000565,KS000172,PRJ0000967,TRX0000758,Dibatalkan
TKT00000566,KS000979,PRJ0000698,TRX0000733,Dibatalkan
TKT00000567,KS000292,PRJ0000550,TRX0000294,Dibatalkan
TKT00000568,KS000877,PRJ0000584,TRX0000268,Terjual
TKT00000569,KS000780,PRJ0000123,TRX0000405,Terjual
TKT00000570,KS000974,PRJ0000089,TRX0000569,Dibatalkan
TKT00000571,KS000206,PRJ0000131,TRX0000531,Terjual
TKT00000572,KS000481,PRJ0000491,TRX0000112,Terjual
TKT00000573,KS000235,PRJ0000039,TRX0000854,Dibatalkan
TKT00000574,KS000189,PRJ0000086,TRX0000781,Terjual
TKT00000575,KS000248,PRJ0000447,TRX0000631,Dibatalkan
TKT00000576,KS000449,PRJ0000757,TRX0000147,Dibatalkan
TKT00000577,KS000612,PRJ0000788,TRX0000043,Terjual
TKT00000578,KS000787,PRJ0000216,TRX0000743,Dibatalkan
TKT00000579,KS000045,PRJ0000583,TRX0000015,Terjual
TKT00000580,KS000350,PRJ0000881,TRX0000974,Dibatalkan
TKT00000581,KS000944,PRJ0000180,TRX0000359,Dibatalkan
TKT00000582,KS000206,PRJ0000924,TRX0000660,Terjual
TKT00000583,KS000401,PRJ0000390,TRX0000157,Dibatalkan
TKT00000584,KS000518,PRJ0000066,TRX0000231,Terjual
TKT00000585,KS000643,PRJ0000200,TRX0000344,Dibatalkan
TKT00000586,KS000026,PRJ0000893,TRX0000452,Terjual
TKT00000587,KS000864,PRJ0000252,TRX0000617,Dibatalkan
TKT00000588,KS000571,PRJ0000165,TRX0000147,Dibatalkan
TKT00000589,KS000059,PRJ0000115,TRX0000702,Terjual
TKT00000590,KS000420,PRJ0000531,TRX0000548,Terjual
TKT00000591,KS000634,PRJ0000738,TRX0000174,Dibatalkan
TKT00000592,KS000380,PRJ0000040,TRX0000147,Terjual
TKT00000593,KS000701,PRJ0000240,TRX0000007,Dibatalkan
TKT00000594,KS000004,PRJ0000577,TRX0000060,Dibatalkan
TKT00000595,KS000788,PRJ0000581,TRX0000123,Terjual
TKT00000596,KS000781,PRJ0000644,TRX0000037,Terjual
TKT00000597,KS000021,PRJ0000665,TRX0000844,Dibatalkan
TKT00000598,KS000960,PRJ0000586,TRX0000661,Dibatalkan
TKT00000599,KS000290,PRJ0000703,TRX0000631,Dibatalkan
TKT00000600,KS000461,PRJ0000933,TRX0000767,Terjual
TKT00000601,KS000700,PRJ0000503,TRX0000628,Dibatalkan
TKT00000602,KS000354,PRJ0000652,TRX0000466,Dibatalkan
TKT00000603,KS000942,PRJ0000921,TRX0000157,Dibatalkan
TKT00000604,KS000550,PRJ0000901,TRX0000369,Terjual
TKT00000605,KS000148,PRJ0000294,TRX0000653,Terjual
TKT00000606,KS000987,PRJ0000991,TRX0000398,Dibatalkan
TKT00000607,KS000904,PRJ0000165,TRX0000377,Terjual
TKT00000608,KS000443,PRJ0000825,TRX0000308,Terjual
TKT00000609,KS000044,PRJ0000471,TRX0000421,Terjual
TKT00000610,KS000412,PRJ0000129,TRX0000861,Dibatalkan
TKT00000611,KS000214,PRJ0000965,TRX0000416,Dibatalkan
TKT00000612,KS000905,PRJ0000428,TRX0000472,Dibatalkan
TKT00000613,KS000455,PRJ0000976,TRX0000398,Dibatalkan
TKT00000614,KS000373,PRJ0000346,TRX0000334,Dibatalkan
TKT00000615,KS000137,PRJ0000741,TRX0000543,Terjual
TKT00000616,KS000252,PRJ0000223,TRX0000730,Terjual
TKT00000617,KS000583,PRJ0000200,TRX0000971,Dibatalkan
TKT00000618,KS000922,PRJ0000475,TRX0000562,Dibatalkan
TKT00000619,KS000384,PRJ0000660,TRX0000315,Terjual
TKT00000620,KS000403,PRJ0000145,TRX0000482,Terjual
TKT00000621,KS000556,PRJ0000668,TRX0000464,Dibatalkan
TKT00000622,KS000927,PRJ0000853,TRX0000979,Dibatalkan
TKT00000623,KS000053,PRJ0000205,TRX0000223,Dibatalkan
TKT00000624,KS000565,PRJ0000912,TRX0000161,Dibatalkan
TKT00000625,KS000960,PRJ0000530,TRX0000443,Terjual
TKT00000626,KS000966,PRJ0000454,TRX0000025,Terjual
TKT00000627,KS000396,PRJ0000582,TRX0000684,Terjual
TKT00000628,KS000280,PRJ0000764,TRX0000697,Terjual
TKT00000629,KS000657,PRJ0000412,TRX0000589,Terjual
TKT00000630,KS000155,PRJ0000422,TRX0000325,Dibatalkan
TKT00000631,KS000252,PRJ0000889,TRX0000757,Terjual
TKT00000632,KS000781,PRJ0000954,TRX0000499,Dibatalkan
TKT00000633,KS000626,PRJ0000956,TRX0000782,Terjual
TKT00000634,KS000693,PRJ0000100,TRX0000806,Terjual
TKT00000635,KS000088,PRJ0000022,TRX0000009,Terjual
TKT00000636,KS000340,PRJ0000874,TRX0000093,Dibatalkan
TKT00000637,KS000954,PRJ0000924,TRX0000366,Terjual
TKT00000638,KS000762,PRJ0000155,TRX0000981,Terjual
TKT00000639,KS000315,PRJ0000861,TRX0000068,Dibatalkan
TKT00000640,KS000639,PRJ0000932,TRX0000324,Dibatalkan
TKT00000641,KS000487,PRJ0000347,TRX0000721,Terjual
TKT00000642,KS000297,PRJ0000311,TRX0000104,Terjual
TKT00000643,KS000923,PRJ0000902,TRX0000156,Terjual
TKT00000644,KS000426,PRJ0000122,TRX0000546,Dibatalkan
TKT00000645,KS000163,PRJ0000576,TRX0000566,Dibatalkan
TKT00000646,KS000717,PRJ0000288,TRX0000707,Terjual
TKT00000647,KS001000,PRJ0000117,TRX0000680,Terjual
TKT00000648,KS000932,PRJ0000456,TRX0000100,Terjual
TKT00000649,KS000139,PRJ0000902,TRX0000391,Dibatalkan
TKT00000650,KS000389,PRJ0000489,TRX0000175,Terjual
TKT00000651,KS000601,PRJ0000705,TRX0000838,Dibatalkan
TKT00000652,KS000954,PRJ0000452,TRX0000599,Terjual
TKT00000653,KS000459,PRJ0000916,TRX0000021,Dibatalkan
TKT00000654,KS000970,PRJ0000688,TRX0000581,Dibatalkan
TKT00000655,KS000907,PRJ0000348,TRX0000088,Dibatalkan
TKT00000656,KS000071,PRJ0000182,TRX0000139,Dibatalkan
TKT00000657,KS000694,PRJ0000404,TRX0000939,Terjual
TKT00000658,KS000114,PRJ0000958,TRX0000810,Terjual
TKT00000659,KS000985,PRJ0000650,TRX0000329,Dibatalkan
TKT00000660,KS000729,PRJ0000812,TRX0000972,Terjual
TKT00000661,KS000364,PRJ0000618,TRX0000819,Dibatalkan
TKT00000662,KS000017,PRJ0000637,TRX0000913,Dibatalkan
TKT00000663,KS000174,PRJ0000374,TRX0000872,Dibatalkan
TKT00000664,KS000197,PRJ0000526,TRX0000287,Terjual
TKT00000665,KS000502,PRJ0000327,TRX0000928,Terjual
TKT00000666,KS000054,PRJ0000665,TRX0000245,Dibatalkan
TKT00000667,KS000270,PRJ0000460,TRX0000444,Dibatalkan
TKT00000668,KS000042,PRJ0000280,TRX0000768,Dibatalkan
TKT00000669,KS000676,PRJ0000083,TRX0000341,Terjual
TKT00000670,KS000134,PRJ0000893,TRX0000949,Terjual
TKT00000671,KS000753,PRJ0000588,TRX0000020,Dibatalkan
TKT00000672,KS000390,PRJ0000205,TRX0000927,Dibatalkan
TKT00000673,KS000390,PRJ0000398,TRX0000037,Dibatalkan
TKT00000674,KS000714,PRJ0000385,TRX0000344,Dibatalkan
TKT00000675,KS000823,PRJ0000525,TRX0000875,Dibatalkan
TKT00000676,KS000417,PRJ0000725,TRX0000351,Terjual
TKT00000677,KS000966,PRJ0000355,TRX0000737,Dibatalkan
TKT00000678,KS000566,PRJ0000198,TRX0000501,Dibatalkan
TKT00000679,KS000274,PRJ0000086,TRX0000936,Dibatalkan
TKT00000680,KS000941,PRJ0000688,TRX0000087,Dibatalkan
TKT00000681,KS000883,PRJ0000522,TRX0000918,Terjual
TKT00000682,KS000024,PRJ0000831,TRX0000132,Terjual
TKT00000683,KS000249,PRJ0000077,TRX0000182,Dibatalkan
TKT00000684,KS000067,PRJ0000158,TRX0000586,Terjual
TKT00000685,KS000798,PRJ0000090,TRX0000885,Terjual
TKT00000686,KS000010,PRJ0000741,TRX0000014,Dibatalkan
TKT00000687,KS000892,PRJ0000931,TRX0000633,Terjual
TKT00000688,KS000160,PRJ0000597,TRX0000642,Dibatalkan
TKT00000689,KS000647,PRJ0000895,TRX0000339,Terjual
TKT00000690,KS000628,PRJ0000125,TRX0000058,Terjual
TKT00000691,KS000205,PRJ0000941,TRX0000764,Terjual
TKT00000692,KS000191,PRJ0000094,TRX0000736,Terjual
TKT00000693,KS000004,PRJ0000444,TRX0000811,Terjual
TKT00000694,KS000216,PRJ0000052,TRX0000735,Terjual
TKT00000695,KS000397,PRJ0000329,TRX0000641,Terjual
TKT00000696,KS000488,PRJ0000838,TRX0000203,Dibatalkan
TKT00000697,KS000620,PRJ0000724,TRX0000191,Dibatalkan
TKT00000698,KS000295,PRJ0000750,TRX0000693,Terjual
TKT00000699,KS000454,PRJ0000190,TRX0000520,Terjual
TKT00000700,KS000082,PRJ0000181,TRX0000998,Terjual
TKT00000701,KS000270,PRJ0000148,TRX0000900,Terjual
TKT00000702,KS000717,PRJ0000127,TRX0000720,Terjual
TKT00000703,KS000193,PRJ0000192,TRX0000869,Dibatalkan
TKT00000704,KS000775,PRJ0000234,TRX0000167,Dibatalkan
TKT00000705,KS000651,PRJ0000857,TRX0000607,Dibatalkan
TKT00000706,KS000616,PRJ0000423,TRX0000519,Dibatalkan
TKT00000707,KS000224,PRJ0000437,TRX0000257,Dibatalkan
TKT00000708,KS000754,PRJ0000247,TRX0000544,Terjual
TKT00000709,KS000671,PRJ0000912,TRX0000992,Dibatalkan
TKT00000710,KS000289,PRJ0000773,TRX0000166,Terjual
TKT00000711,KS000064,PRJ0000065,TRX0000506,Dibatalkan
TKT00000712,KS000925,PRJ0000751,TRX0000062,Dibatalkan
TKT00000713,KS000082,PRJ0000691,TRX0000783,Dibatalkan
TKT00000714,KS000013,PRJ0000763,TRX0000691,Terjual
TKT00000715,KS000327,PRJ0000603,TRX0000790,Dibatalkan
TKT00000716,KS000715,PRJ0000698,TRX0000621,Terjual
TKT00000717,KS000583,PRJ0000269,TRX0000745,Dibatalkan
TKT00000718,KS000462,PRJ0000367,TRX0000761,Dibatalkan
TKT00000719,KS000380,PRJ0000512,TRX0000308,Dibatalkan
TKT00000720,KS000321,PRJ0000560,TRX0000763,Terjual
TKT00000721,KS000234,PRJ0000602,TRX0000175,Terjual
TKT00000722,KS000708,PRJ0000362,TRX0000420,Dibatalkan
TKT00000723,KS000902,PRJ0000473,TRX0000333,Dibatalkan
TKT00000724,KS000475,PRJ0000890,TRX0000921,Dibatalkan
TKT00000725,KS000464,PRJ0000157,TRX0000146,Dibatalkan
TKT00000726,KS000430,PRJ0000973,TRX0000026,Terjual
TKT00000727,KS000808,PRJ0000325,TRX0000391,Terjual
TKT00000728,KS000410,PRJ0000375,TRX0000015,Dibatalkan
TKT00000729,KS000811,PRJ0000838,TRX0000678,Terjual
TKT00000730,KS000155,PRJ0000608,TRX0000969,Terjual
TKT00000731,KS000223,PRJ0000098,TRX0000017,Dibatalkan
TKT00000732,KS000484,PRJ0000154,TRX0000278,Dibatalkan
TKT00000733,KS000203,PRJ0000023,TRX0000510,Dibatalkan
TKT00000734,KS000163,PRJ0000311,TRX0000850,Dibatalkan
TKT00000735,KS000234,PRJ0000195,TRX0000499,Dibatalkan
TKT00000736,KS000444,PRJ0000446,TRX0000971,Terjual
TKT00000737,KS000500,PRJ0000993,TRX0000682,Terjual
TKT00000738,KS000362,PRJ0000985,TRX0000109,Terjual
TKT00000739,KS000976,PRJ0000332,TRX0000723,Dibatalkan
TKT00000740,KS000623,PRJ0000297,TRX0000145,Terjual
TKT00000741,KS000532,PRJ0000966,TRX0000507,Terjual
TKT00000742,KS000427,PRJ0000503,TRX0000014,Dibatalkan
TKT00000743,KS000647,PRJ0000163,TRX0000347,Dibatalkan
TKT00000744,KS000701,PRJ0000634,TRX0000440,Terjual
TKT00000745,KS000614,PRJ0000133,TRX0000543,Dibatalkan
TKT00000746,KS000350,PRJ0000743,TRX0000383,Terjual
TKT00000747,KS000379,PRJ0000579,TRX0000994,Dibatalkan
TKT00000748,KS000065,PRJ0000019,TRX0000458,Dibatalkan
TKT00000749,KS000428,PRJ0000253,TRX0000215,Dibatalkan
TKT00000750,KS000705,PRJ0000240,TRX0000932,Dibatalkan
TKT00000751,KS000650,PRJ0000938,TRX0000924,Dibatalkan
TKT00000752,KS000806,PRJ0000288,TRX0000569,Dibatalkan
TKT00000753,KS000592,PRJ0000813,TRX0000340,Terjual
TKT00000754,KS000924,PRJ0000131,TRX0000989,Dibatalkan
TKT00000755,KS000801,PRJ0000648,TRX0000587,Terjual
TKT00000756,KS000726,PRJ0000608,TRX0000625,Terjual
TKT00000757,KS000833,PRJ0000840,TRX0000256,Dibatalkan
TKT00000758,KS000577,PRJ0000482,TRX0000912,Terjual
TKT00000759,KS000321,PRJ0000524,TRX0000902,Terjual
TKT00000760,KS000394,PRJ0000769,TRX0000152,Dibatalkan
TKT00000761,KS000084,PRJ0000542,TRX0000503,Dibatalkan
TKT00000762,KS000618,PRJ0000923,TRX0000913,Dibatalkan
TKT00000763,KS000069,PRJ0000461,TRX0000399,Terjual
TKT00000764,KS000811,PRJ0000789,TRX0000283,Terjual
TKT00000765,KS000373,PRJ0000869,TRX0000797,Terjual
TKT00000766,KS000486,PRJ0000253,TRX0000229,Terjual
TKT00000767,KS000336,PRJ0000365,TRX0000845,Dibatalkan
TKT00000768,KS000576,PRJ0000150,TRX0000803,Dibatalkan
TKT00000769,KS000980,PRJ0000328,TRX0000497,Dibatalkan
TKT00000770,KS000620,PRJ0000905,TRX0000550,Terjual
TKT00000771,KS000844,PRJ0000831,TRX0000662,Terjual
TKT00000772,KS000981,PRJ0000946,TRX0000612,Terjual
TKT00000773,KS000303,PRJ0000752,TRX0000063,Terjual
TKT00000774,KS000537,PRJ0000819,TRX0000517,Dibatalkan
TKT00000775,KS000255,PRJ0000810,TRX0000386,Dibatalkan
TKT00000776,KS000718,PRJ0000839,TRX0000874,Terjual
TKT00000777,KS000306,PRJ0000268,TRX0000210,Terjual
TKT00000778,KS000304,PRJ0000026,TRX0000030,Dibatalkan
TKT00000779,KS000081,PRJ0000378,TRX0000477,Terjual
TKT00000780,KS000458,PRJ0000641,TRX0000392,Terjual
TKT00000781,KS000609,PRJ0000455,TRX0000777,Dibatalkan
TKT00000782,KS000111,PRJ0000960,TRX0000281,Dibatalkan
TKT00000783,KS000283,PRJ0000203,TRX0000724,Dibatalkan
TKT00000784,KS000292,PRJ0000167,TRX0000601,Terjual
TKT00000785,KS000331,PRJ0000980,TRX0000018,Terjual
TKT00000786,KS000054,PRJ0000889,TRX0000335,Dibatalkan
TKT00000787,KS000378,PRJ0000146,TRX0000323,Dibatalkan
TKT00000788,KS000564,PRJ0000027,TRX0000644,Dibatalkan
TKT00000789,KS000662,PRJ0000332,TRX0000406,Terjual
TKT00000790,KS000335,PRJ0000628,TRX0000857,Terjual
TKT00000791,KS000660,PRJ0000290,TRX0000332,Terjual
TKT00000792,KS000905,PRJ0000524,TRX0000058,Terjual
TKT00000793,KS000509,PRJ0000066,TRX0000950,Terjual
TKT00000794,KS000144,PRJ0000156,TRX0000105,Terjual
TKT00000795,KS000963,PRJ0000731,TRX0000241,Terjual
TKT00000796,KS000773,PRJ0000369,TRX0000996,Dibatalkan
TKT00000797,KS000347,PRJ0000084,TRX0000423,Dibatalkan
TKT00000798,KS000769,PRJ0000072,TRX0000505,Dibatalkan
TKT00000799,KS000559,PRJ0000064,TRX0000538,Dibatalkan
TKT00000800,KS000658,PRJ0000809,TRX0000406,Terjual
TKT00000801,KS000562,PRJ0000843,TRX0000092,Terjual
TKT00000802,KS000460,PRJ0000163,TRX0000119,Dibatalkan
TKT00000803,KS000233,PRJ0000246,TRX0000058,Terjual
TKT00000804,KS000054,PRJ0000659,TRX0000864,Terjual
TKT00000805,KS000491,PRJ0000044,TRX0000044,Terjual
TKT00000806,KS000777,PRJ0000239,TRX0000973,Terjual
TKT00000807,KS000978,PRJ0000892,TRX0000141,Dibatalkan
TKT00000808,KS000331,PRJ0000397,TRX0000775,Dibatalkan
TKT00000809,KS000020,PRJ0000523,TRX0000784,Dibatalkan
TKT00000810,KS000505,PRJ0000025,TRX0000686,Dibatalkan
TKT00000811,KS000564,PRJ0000070,TRX0000042,Terjual
TKT00000812,KS000604,PRJ0000037,TRX0000214,Terjual
TKT00000813,KS000597,PRJ0000504,TRX0000008,Dibatalkan
TKT00000814,KS000719,PRJ0000083,TRX0000596,Dibatalkan
TKT00000815,KS000522,PRJ0000921,TRX0000849,Terjual
TKT00000816,KS000407,PRJ0000218,TRX0000156,Terjual
TKT00000817,KS000938,PRJ0000643,TRX0000763,Dibatalkan
TKT00000818,KS000273,PRJ0000570,TRX0000384,Dibatalkan
TKT00000819,KS000164,PRJ0000855,TRX0000207,Dibatalkan
TKT00000820,KS000343,PRJ0000201,TRX0000335,Dibatalkan
TKT00000821,KS000403,PRJ0000123,TRX0000667,Dibatalkan
TKT00000822,KS000463,PRJ0000030,TRX0000457,Dibatalkan
TKT00000823,KS000210,PRJ0000190,TRX0000116,Terjual
TKT00000824,KS000397,PRJ0000824,TRX0000110,Terjual
TKT00000825,KS000205,PRJ0000778,TRX0000584,Dibatalkan
TKT00000826,KS000853,PRJ0000707,TRX0000691,Terjual
TKT00000827,KS000908,PRJ0000608,TRX0000838,Dibatalkan
TKT00000828,KS000370,PRJ0000475,TRX0000056,Terjual
TKT00000829,KS000581,PRJ0000912,TRX0000906,Dibatalkan
TKT00000830,KS000223,PRJ0000524,TRX0000025,Dibatalkan
TKT00000831,KS000013,PRJ0000222,TRX0000850,Terjual
TKT00000832,KS000882,PRJ0000342,TRX0000212,Dibatalkan
TKT00000833,KS000970,PRJ0000738,TRX0000398,Dibatalkan
TKT00000834,KS000469,PRJ0000401,TRX0000617,Terjual
TKT00000835,KS000943,PRJ0000504,TRX0000492,Dibatalkan
TKT00000836,KS000815,PRJ0000684,TRX0000878,Terjual
TKT00000837,KS000080,PRJ0000632,TRX0000110,Terjual
TKT00000838,KS000874,PRJ0000032,TRX0000635,Terjual
TKT00000839,KS000878,PRJ0000012,TRX0000970,Dibatalkan
TKT00000840,KS000953,PRJ0000001,TRX0000311,Dibatalkan
TKT00000841,KS000391,PRJ0000747,TRX0000582,Terjual
TKT00000842,KS000100,PRJ0000055,TRX0000377,Terjual
TKT00000843,KS000662,PRJ0000196,TRX0000995,Dibatalkan
TKT00000844,KS000760,PRJ0000898,TRX0000382,Terjual
TKT00000845,KS000287,PRJ0000428,TRX0000670,Terjual
TKT00000846,KS000305,PRJ0000789,TRX0000036,Terjual
TKT00000847,KS000310,PRJ0000146,TRX0000270,Dibatalkan
TKT00000848,KS000953,PRJ0000955,TRX0000909,Terjual
TKT00000849,KS000124,PRJ0000942,TRX0000652,Terjual
TKT00000850,KS000902,PRJ0000954,TRX0000955,Dibatalkan
TKT00000851,KS000179,PRJ0000015,TRX0000116,Terjual
TKT00000852,KS000743,PRJ0000241,TRX0000467,Dibatalkan
TKT00000853,KS000277,PRJ0000024,TRX0000720,Dibatalkan
TKT00000854,KS000065,PRJ0000749,TRX0000709,Terjual
TKT00000855,KS000221,PRJ0000067,TRX0000408,Dibatalkan
TKT00000856,KS000031,PRJ0000039,TRX0000510,Dibatalkan
TKT00000857,KS000851,PRJ0000477,TRX0000423,Terjual
TKT00000858,KS000997,PRJ0000014,TRX0000591,Terjual
TKT00000859,KS000673,PRJ0000065,TRX0000983,Dibatalkan
TKT00000860,KS000727,PRJ0000289,TRX0000737,Dibatalkan
TKT00000861,KS000208,PRJ0000822,TRX0000274,Terjual
TKT00000862,KS000688,PRJ0000279,TRX0000987,Terjual
TKT00000863,KS000241,PRJ0000707,TRX0000459,Terjual
TKT00000864,KS000666,PRJ0000046,TRX0000895,Dibatalkan
TKT00000865,KS000573,PRJ0000975,TRX0000720,Dibatalkan
TKT00000866,KS000811,PRJ0000238,TRX0000733,Terjual
TKT00000867,KS000294,PRJ0000373,TRX0000091,Dibatalkan
TKT00000868,KS000468,PRJ0000841,TRX0000484,Terjual
TKT00000869,KS000383,PRJ0000675,TRX0000924,Dibatalkan
TKT00000870,KS000744,PRJ0000565,TRX0000554,Terjual
TKT00000871,KS000329,PRJ0000753,TRX0000655,Dibatalkan
TKT00000872,KS000417,PRJ0000179,TRX0000595,Dibatalkan
TKT00000873,KS000382,PRJ0000479,TRX0000356,Dibatalkan
TKT00000874,KS000152,PRJ0000834,TRX0000689,Dibatalkan
TKT00000875,KS000692,PRJ0000556,TRX0000418,Dibatalkan
TKT00000876,KS000985,PRJ0000443,TRX0000089,Dibatalkan
TKT00000877,KS000907,PRJ0000141,TRX0000341,Dibatalkan
TKT00000878,KS000661,PRJ0000478,TRX0000462,Terjual
TKT00000879,KS000912,PRJ0000044,TRX0000352,Terjual
TKT00000880,KS000614,PRJ0000350,TRX0000554,Terjual
TKT00000881,KS000872,PRJ0000818,TRX0000588,Terjual
TKT00000882,KS000836,PRJ0000812,TRX0000211,Dibatalkan
TKT00000883,KS000084,PRJ0000844,TRX0000430,Terjual
TKT00000884,KS000514,PRJ0000558,TRX0000043,Terjual
TKT00000885,KS000590,PRJ0000005,TRX0000261,Terjual
TKT00000886,KS000758,PRJ0000233,TRX0000701,Dibatalkan
TKT00000887,KS000501,PRJ0000120,TRX0000334,Dibatalkan
TKT00000888,KS000562,PRJ0000960,TRX0000405,Dibatalkan
TKT00000889,KS000225,PRJ0000591,TRX0000360,Dibatalkan
TKT00000890,KS000705,PRJ0000770,TRX0000109,Terjual
TKT00000891,KS000656,PRJ0000660,TRX0000465,Terjual
TKT00000892,KS000855,PRJ0000711,TRX0000917,Terjual
TKT00000893,KS000734,PRJ0000001,TRX0000915,Terjual
TKT00000894,KS000508,PRJ0000148,TRX0000938,Terjual
TKT00000895,KS000712,PRJ0000973,TRX0000314,Terjual
TKT00000896,KS000774,PRJ0000416,TRX0000311,Terjual
TKT00000897,KS000555,PRJ0000654,TRX0000099,Terjual
TKT00000898,KS000025,PRJ0000017,TRX0000032,Dibatalkan
TKT00000899,KS000124,PRJ0000213,TRX0000191,Terjual
TKT00000900,KS000069,PRJ0000260,TRX0000464,Terjual
TKT00000901,KS000433,PRJ0000968,TRX0000367,Dibatalkan
TKT00000902,KS000011,PRJ0000715,TRX0000612,Dibatalkan
TKT00000903,KS000352,PRJ0000398,TRX0000384,Terjual
TKT00000904,KS000312,PRJ0000439,TRX0000635,Dibatalkan
TKT00000905,KS000651,PRJ0000630,TRX0000608,Terjual
TKT00000906,KS000696,PRJ0000504,TRX0000033,Dibatalkan
TKT00000907,KS000328,PRJ0000360,TRX0000032,Dibatalkan
TKT00000908,KS000718,PRJ0000485,TRX0000882,Dibatalkan
TKT00000909,KS000771,PRJ0000552,TRX0000789,Terjual
TKT00000910,KS000433,PRJ0000706,TRX0000602,Dibatalkan
TKT00000911,KS000972,PRJ0000995,TRX0000702,Dibatalkan
TKT00000912,KS000028,PRJ0000390,TRX0000040,Dibatalkan
TKT00000913,KS000778,PRJ0000928,TRX0000089,Dibatalkan
TKT00000914,KS000259,PRJ0000557,TRX0000095,Terjual
TKT00000915,KS000252,PRJ0000742,TRX0000851,Terjual
TKT00000916,KS000466,PRJ0000389,TRX0000768,Dibatalkan
TKT00000917,KS000248,PRJ0000619,TRX0000481,Terjual
TKT00000918,KS000331,PRJ0000318,TRX0000566,Dibatalkan
TKT00000919,KS000222,PRJ0000629,TRX0000421,Terjual
TKT00000920,KS000011,PRJ0000701,TRX0000132,Terjual
TKT00000921,KS000958,PRJ0000519,TRX0000456,Terjual
TKT00000922,KS000515,PRJ0000186,TRX0000475,Dibatalkan
TKT00000923,KS000714,PRJ0000579,TRX0000398,Terjual
TKT00000924,KS000260,PRJ0000600,TRX0000121,Dibatalkan
TKT00000925,KS000179,PRJ0000924,TRX0000463,Dibatalkan
TKT00000926,KS000875,PRJ0000167,TRX0000041,Dibatalkan
TKT00000927,KS000616,PRJ0000340,TRX0000437,Terjual
TKT00000928,KS000704,PRJ0000159,TRX0000992,Terjual
TKT00000929,KS000204,PRJ0000494,TRX0000498,Terjual
TKT00000930,KS000006,PRJ0000397,TRX0000795,Terjual
TKT00000931,KS000792,PRJ0000386,TRX0000045,Dibatalkan
TKT00000932,KS000188,PRJ0000229,TRX0000349,Dibatalkan
TKT00000933,KS000235,PRJ0000731,TRX0000456,Terjual
TKT00000934,KS000104,PRJ0000169,TRX0000143,Terjual
TKT00000935,KS000759,PRJ0000970,TRX0000620,Terjual
TKT00000936,KS000449,PRJ0000509,TRX0000376,Dibatalkan
TKT00000937,KS000022,PRJ0000726,TRX0000538,Dibatalkan
TKT00000938,KS000651,PRJ0000557,TRX0000109,Dibatalkan
TKT00000939,KS000486,PRJ0000035,TRX0000286,Dibatalkan
TKT00000940,KS000571,PRJ0000719,TRX0000433,Terjual
TKT00000941,KS000067,PRJ0000090,TRX0000270,Dibatalkan
TKT00000942,KS000487,PRJ0000411,TRX0000520,Terjual
TKT00000943,KS000929,PRJ0000951,TRX0000897,Terjual
TKT00000944,KS000124,PRJ0000025,TRX0000166,Terjual
TKT00000945,KS000585,PRJ0000192,TRX0000681,Terjual
TKT00000946,KS000457,PRJ0000676,TRX0000560,Dibatalkan
TKT00000947,KS000571,PRJ0000270,TRX0000490,Terjual
TKT00000948,KS000995,PRJ0000809,TRX0000673,Terjual
TKT00000949,KS000597,PRJ0000424,TRX0000119,Terjual
TKT00000950,KS000238,PRJ0000208,TRX0000151,Dibatalkan
TKT00000951,KS000137,PRJ0000765,TRX0000719,Dibatalkan
TKT00000952,KS000012,PRJ0000381,TRX0000062,Terjual
TKT00000953,KS000116,PRJ0000538,TRX0000682,Dibatalkan
TKT00000954,KS000600,PRJ0000544,TRX0000010,Dibatalkan
TKT00000955,KS000902,PRJ0000831,TRX0000141,Dibatalkan
TKT00000956,KS000943,PRJ0000250,TRX0000882,Dibatalkan
TKT00000957,KS000821,PRJ0000219,TRX0000194,Dibatalkan
TKT00000958,KS000490,PRJ0000491,TRX0000220,Terjual
TKT00000959,KS000177,PRJ0000398,TRX0000567,Terjual
TKT00000960,KS000150,PRJ0000684,TRX0000131,Terjual
TKT00000961,KS000882,PRJ0000779,TRX0000070,Dibatalkan
TKT00000962,KS000526,PRJ0000075,TRX0000580,Terjual
TKT00000963,KS000253,PRJ0000642,TRX0000772,Dibatalkan
TKT00000964,KS000860,PRJ0000641,TRX0000371,Terjual
TKT00000965,KS000848,PRJ0000269,TRX0000417,Terjual
TKT00000966,KS000771,PRJ0000443,TRX0000044,Dibatalkan
TKT00000967,KS000800,PRJ0000405,TRX0000029,Terjual
TKT00000968,KS000688,PRJ0000744,TRX0000954,Dibatalkan
TKT00000969,KS000401,PRJ0000461,TRX0000621,Terjual
TKT00000970,KS000767,PRJ0000930,TRX0000131,Dibatalkan
TKT00000971,KS000630,PRJ0000973,TRX0000810,Dibatalkan
TKT00000972,KS000662,PRJ0000893,TRX0000774,Terjual
TKT00000973,KS000248,PRJ0000614,TRX0000534,Dibatalkan
TKT00000974,KS000510,PRJ0000792,TRX0000077,Dibatalkan
TKT00000975,KS000615,PRJ0000032,TRX0000428,Terjual
TKT00000976,KS000576,PRJ0000087,TRX0000722,Terjual
TKT00000977,KS000792,PRJ0000657,TRX0000041,Dibatalkan
TKT00000978,KS000285,PRJ0000403,TRX0000288,Dibatalkan
TKT00000979,KS000666,PRJ0000827,TRX0000940,Dibatalkan
TKT00000980,KS000311,PRJ0000857,TRX0000549,Dibatalkan
TKT00000981,KS000942,PRJ0000316,TRX0000876,Dibatalkan
TKT00000982,KS000524,PRJ0000500,TRX0000396,Terjual
TKT00000983,KS000481,PRJ0000346,TRX0000094,Dibatalkan
TKT00000984,KS000999,PRJ0000351,TRX0000546,Terjual
TKT00000985,KS000258,PRJ0000645,TRX0000275,Dibatalkan
TKT00000986,KS000896,PRJ0000296,TRX0000609,Terjual
TKT00000987,KS000321,PRJ0000950,TRX0000928,Dibatalkan
TKT00000988,KS000929,PRJ0000246,TRX0000580,Terjual
TKT00000989,KS000357,PRJ0000996,TRX0000314,Terjual
TKT00000990,KS000846,PRJ0000344,TRX0000531,Dibatalkan
TKT00000991,KS000286,PRJ0000271,TRX0000613,Dibatalkan
TKT00000992,KS000686,PRJ0000675,TRX0000193,Terjual
TKT00000993,KS000822,PRJ0000789,TRX0000705,Dibatalkan
TKT00000994,KS000195,PRJ0000704,TRX0000703,Dibatalkan
TKT00000995,KS000730,PRJ0000556,TRX0000567,Dibatalkan
TKT00000996,KS000210,PRJ0000818,TRX0000474,Terjual
TKT00000997,KS000121,PRJ0000742,TRX0000741,Dibatalkan
TKT00000998,KS000654,PRJ0000253,TRX0000211,Dibatalkan
TKT00000999,KS000188,PRJ0000909,TRX0000664,Dibatalkan
TKT00001000,KS000384,PRJ0000252,TRX0000402,Dibatalkan
